--
-- PostgreSQL database dump
--

-- Dumped from database version 16.0
-- Dumped by pg_dump version 16.0

SET statement_timeout = 0;
SET lock_timeout = 0;
SET idle_in_transaction_session_timeout = 0;
SET client_encoding = 'UTF8';
SET standard_conforming_strings = on;
SELECT pg_catalog.set_config('search_path', '', false);
SET check_function_bodies = false;
SET xmloption = content;
SET client_min_messages = warning;
SET row_security = off;

SET default_tablespace = '';

SET default_table_access_method = heap;

--
-- Name: auth_group; Type: TABLE; Schema: public; Owner: mydbuser
--

CREATE TABLE public.auth_group (
    id integer NOT NULL,
    name character varying(150) NOT NULL
);


ALTER TABLE public.auth_group OWNER TO mydbuser;

--
-- Name: auth_group_id_seq; Type: SEQUENCE; Schema: public; Owner: mydbuser
--

ALTER TABLE public.auth_group ALTER COLUMN id ADD GENERATED BY DEFAULT AS IDENTITY (
    SEQUENCE NAME public.auth_group_id_seq
    START WITH 1
    INCREMENT BY 1
    NO MINVALUE
    NO MAXVALUE
    CACHE 1
);


--
-- Name: auth_group_permissions; Type: TABLE; Schema: public; Owner: mydbuser
--

CREATE TABLE public.auth_group_permissions (
    id bigint NOT NULL,
    group_id integer NOT NULL,
    permission_id integer NOT NULL
);


ALTER TABLE public.auth_group_permissions OWNER TO mydbuser;

--
-- Name: auth_group_permissions_id_seq; Type: SEQUENCE; Schema: public; Owner: mydbuser
--

ALTER TABLE public.auth_group_permissions ALTER COLUMN id ADD GENERATED BY DEFAULT AS IDENTITY (
    SEQUENCE NAME public.auth_group_permissions_id_seq
    START WITH 1
    INCREMENT BY 1
    NO MINVALUE
    NO MAXVALUE
    CACHE 1
);


--
-- Name: auth_permission; Type: TABLE; Schema: public; Owner: mydbuser
--

CREATE TABLE public.auth_permission (
    id integer NOT NULL,
    name character varying(255) NOT NULL,
    content_type_id integer NOT NULL,
    codename character varying(100) NOT NULL
);


ALTER TABLE public.auth_permission OWNER TO mydbuser;

--
-- Name: auth_permission_id_seq; Type: SEQUENCE; Schema: public; Owner: mydbuser
--

ALTER TABLE public.auth_permission ALTER COLUMN id ADD GENERATED BY DEFAULT AS IDENTITY (
    SEQUENCE NAME public.auth_permission_id_seq
    START WITH 1
    INCREMENT BY 1
    NO MINVALUE
    NO MAXVALUE
    CACHE 1
);


--
-- Name: auth_user; Type: TABLE; Schema: public; Owner: mydbuser
--

CREATE TABLE public.auth_user (
    id integer NOT NULL,
    password character varying(128) NOT NULL,
    last_login timestamp with time zone,
    is_superuser boolean NOT NULL,
    username character varying(150) NOT NULL,
    first_name character varying(150) NOT NULL,
    last_name character varying(150) NOT NULL,
    email character varying(254) NOT NULL,
    is_staff boolean NOT NULL,
    is_active boolean NOT NULL,
    date_joined timestamp with time zone NOT NULL
);


ALTER TABLE public.auth_user OWNER TO mydbuser;

--
-- Name: auth_user_groups; Type: TABLE; Schema: public; Owner: mydbuser
--

CREATE TABLE public.auth_user_groups (
    id bigint NOT NULL,
    user_id integer NOT NULL,
    group_id integer NOT NULL
);


ALTER TABLE public.auth_user_groups OWNER TO mydbuser;

--
-- Name: auth_user_groups_id_seq; Type: SEQUENCE; Schema: public; Owner: mydbuser
--

ALTER TABLE public.auth_user_groups ALTER COLUMN id ADD GENERATED BY DEFAULT AS IDENTITY (
    SEQUENCE NAME public.auth_user_groups_id_seq
    START WITH 1
    INCREMENT BY 1
    NO MINVALUE
    NO MAXVALUE
    CACHE 1
);


--
-- Name: auth_user_id_seq; Type: SEQUENCE; Schema: public; Owner: mydbuser
--

ALTER TABLE public.auth_user ALTER COLUMN id ADD GENERATED BY DEFAULT AS IDENTITY (
    SEQUENCE NAME public.auth_user_id_seq
    START WITH 1
    INCREMENT BY 1
    NO MINVALUE
    NO MAXVALUE
    CACHE 1
);


--
-- Name: auth_user_user_permissions; Type: TABLE; Schema: public; Owner: mydbuser
--

CREATE TABLE public.auth_user_user_permissions (
    id bigint NOT NULL,
    user_id integer NOT NULL,
    permission_id integer NOT NULL
);


ALTER TABLE public.auth_user_user_permissions OWNER TO mydbuser;

--
-- Name: auth_user_user_permissions_id_seq; Type: SEQUENCE; Schema: public; Owner: mydbuser
--

ALTER TABLE public.auth_user_user_permissions ALTER COLUMN id ADD GENERATED BY DEFAULT AS IDENTITY (
    SEQUENCE NAME public.auth_user_user_permissions_id_seq
    START WITH 1
    INCREMENT BY 1
    NO MINVALUE
    NO MAXVALUE
    CACHE 1
);


--
-- Name: boletas_attendance; Type: TABLE; Schema: public; Owner: mydbuser
--

CREATE TABLE public.boletas_attendance (
    id bigint NOT NULL,
    semana character varying(60) NOT NULL,
    creation_date timestamp with time zone NOT NULL,
    group_id bigint,
    user_id integer,
    creation_week character varying(50),
    is_submitted boolean NOT NULL,
    last_modified_date timestamp with time zone NOT NULL,
    student_data jsonb,
    week_end date,
    week_number integer,
    week_start date,
    CONSTRAINT boletas_attendance_week_number_check CHECK ((week_number >= 0))
);


ALTER TABLE public.boletas_attendance OWNER TO mydbuser;

--
-- Name: boletas_attendance_id_seq; Type: SEQUENCE; Schema: public; Owner: mydbuser
--

ALTER TABLE public.boletas_attendance ALTER COLUMN id ADD GENERATED BY DEFAULT AS IDENTITY (
    SEQUENCE NAME public.boletas_attendance_id_seq
    START WITH 1
    INCREMENT BY 1
    NO MINVALUE
    NO MAXVALUE
    CACHE 1
);


--
-- Name: boletas_attendanceentry; Type: TABLE; Schema: public; Owner: mydbuser
--

CREATE TABLE public.boletas_attendanceentry (
    id bigint NOT NULL,
    student_name character varying(60),
    monday character varying(1),
    tuesday character varying(1),
    wednesday character varying(1),
    thursday character varying(1),
    friday character varying(1),
    attendance_id bigint
);


ALTER TABLE public.boletas_attendanceentry OWNER TO mydbuser;

--
-- Name: boletas_attendanceentry_id_seq; Type: SEQUENCE; Schema: public; Owner: mydbuser
--

ALTER TABLE public.boletas_attendanceentry ALTER COLUMN id ADD GENERATED BY DEFAULT AS IDENTITY (
    SEQUENCE NAME public.boletas_attendanceentry_id_seq
    START WITH 1
    INCREMENT BY 1
    NO MINVALUE
    NO MAXVALUE
    CACHE 1
);


--
-- Name: boletas_calificacion; Type: TABLE; Schema: public; Owner: mydbuser
--

CREATE TABLE public.boletas_calificacion (
    id bigint NOT NULL,
    student_name character varying(100) NOT NULL,
    level character varying(50) NOT NULL,
    unit character varying(50) NOT NULL,
    unit_exam_grade numeric(5,2) NOT NULL,
    speaking_grade numeric(5,2) NOT NULL,
    spelling_grade numeric(5,2) NOT NULL,
    verbs_grade numeric(5,2) NOT NULL,
    unit_exam_porcentage numeric(5,2),
    speaking_porcentage numeric(5,2),
    spelling_porcentage numeric(5,2),
    verbs_porcentage numeric(5,2),
    total_porcentage numeric(5,2)
);


ALTER TABLE public.boletas_calificacion OWNER TO mydbuser;

--
-- Name: boletas_calificacion_id_seq; Type: SEQUENCE; Schema: public; Owner: mydbuser
--

ALTER TABLE public.boletas_calificacion ALTER COLUMN id ADD GENERATED BY DEFAULT AS IDENTITY (
    SEQUENCE NAME public.boletas_calificacion_id_seq
    START WITH 1
    INCREMENT BY 1
    NO MINVALUE
    NO MAXVALUE
    CACHE 1
);


--
-- Name: boletas_calificacionadult; Type: TABLE; Schema: public; Owner: mydbuser
--

CREATE TABLE public.boletas_calificacionadult (
    id bigint NOT NULL,
    student_name character varying(100) NOT NULL,
    level character varying(50) NOT NULL,
    unit character varying(50) NOT NULL,
    unit_exam_grade numeric(5,2) NOT NULL,
    speaking_grade numeric(5,2) NOT NULL,
    spelling_grade numeric(5,2) NOT NULL,
    verbs_grade numeric(5,2) NOT NULL,
    writing_grade numeric(5,2) NOT NULL,
    unit_exam_porcentage numeric(5,2),
    speaking_porcentage numeric(5,2),
    spelling_porcentage numeric(5,2),
    verbs_porcentage numeric(5,2),
    writing_porcentage numeric(5,2),
    total_porcentage numeric(5,2)
);


ALTER TABLE public.boletas_calificacionadult OWNER TO mydbuser;

--
-- Name: boletas_calificacionadult_id_seq; Type: SEQUENCE; Schema: public; Owner: mydbuser
--

ALTER TABLE public.boletas_calificacionadult ALTER COLUMN id ADD GENERATED BY DEFAULT AS IDENTITY (
    SEQUENCE NAME public.boletas_calificacionadult_id_seq
    START WITH 1
    INCREMENT BY 1
    NO MINVALUE
    NO MAXVALUE
    CACHE 1
);


--
-- Name: boletas_calificacionbabies; Type: TABLE; Schema: public; Owner: mydbuser
--

CREATE TABLE public.boletas_calificacionbabies (
    id bigint NOT NULL,
    student_name character varying(100) NOT NULL,
    level character varying(50) NOT NULL,
    unit character varying(50) NOT NULL,
    unit_exam_grade numeric(5,2) NOT NULL,
    speaking_grade numeric(5,2) NOT NULL,
    spelling_grade numeric(5,2) NOT NULL,
    pronunciation_grade numeric(5,2) NOT NULL,
    unit_exam_porcentage numeric(5,2),
    speaking_porcentage numeric(5,2),
    spelling_porcentage numeric(5,2),
    pronunciation_porcentage numeric(5,2),
    total_porcentage numeric(5,2)
);


ALTER TABLE public.boletas_calificacionbabies OWNER TO mydbuser;

--
-- Name: boletas_calificacionbabies_id_seq; Type: SEQUENCE; Schema: public; Owner: mydbuser
--

ALTER TABLE public.boletas_calificacionbabies ALTER COLUMN id ADD GENERATED BY DEFAULT AS IDENTITY (
    SEQUENCE NAME public.boletas_calificacionbabies_id_seq
    START WITH 1
    INCREMENT BY 1
    NO MINVALUE
    NO MAXVALUE
    CACHE 1
);


--
-- Name: boletas_comment; Type: TABLE; Schema: public; Owner: mydbuser
--

CREATE TABLE public.boletas_comment (
    id bigint NOT NULL,
    comment_text text NOT NULL,
    "timestamp" timestamp with time zone NOT NULL,
    user_id integer NOT NULL
);


ALTER TABLE public.boletas_comment OWNER TO mydbuser;

--
-- Name: boletas_comment_id_seq; Type: SEQUENCE; Schema: public; Owner: mydbuser
--

ALTER TABLE public.boletas_comment ALTER COLUMN id ADD GENERATED BY DEFAULT AS IDENTITY (
    SEQUENCE NAME public.boletas_comment_id_seq
    START WITH 1
    INCREMENT BY 1
    NO MINVALUE
    NO MAXVALUE
    CACHE 1
);


--
-- Name: boletas_group; Type: TABLE; Schema: public; Owner: mydbuser
--

CREATE TABLE public.boletas_group (
    id bigint NOT NULL,
    name character varying(50) NOT NULL,
    level character varying(50) NOT NULL,
    schedule character varying(50) NOT NULL,
    user_id integer
);


ALTER TABLE public.boletas_group OWNER TO mydbuser;

--
-- Name: boletas_group_id_seq; Type: SEQUENCE; Schema: public; Owner: mydbuser
--

ALTER TABLE public.boletas_group ALTER COLUMN id ADD GENERATED BY DEFAULT AS IDENTITY (
    SEQUENCE NAME public.boletas_group_id_seq
    START WITH 1
    INCREMENT BY 1
    NO MINVALUE
    NO MAXVALUE
    CACHE 1
);


--
-- Name: boletas_performance; Type: TABLE; Schema: public; Owner: mydbuser
--

CREATE TABLE public.boletas_performance (
    id bigint NOT NULL,
    semana character varying(60),
    creation_date timestamp with time zone NOT NULL,
    group_id bigint,
    user_id integer,
    is_submitted boolean NOT NULL,
    last_modified_date timestamp with time zone NOT NULL,
    week_end date,
    week_number integer,
    week_start date,
    student_data jsonb,
    creation_week character varying(50),
    CONSTRAINT boletas_performance_week_number_check CHECK ((week_number >= 0))
);


ALTER TABLE public.boletas_performance OWNER TO mydbuser;

--
-- Name: boletas_performance_id_seq; Type: SEQUENCE; Schema: public; Owner: mydbuser
--

ALTER TABLE public.boletas_performance ALTER COLUMN id ADD GENERATED BY DEFAULT AS IDENTITY (
    SEQUENCE NAME public.boletas_performance_id_seq
    START WITH 1
    INCREMENT BY 1
    NO MINVALUE
    NO MAXVALUE
    CACHE 1
);


--
-- Name: boletas_plan; Type: TABLE; Schema: public; Owner: mydbuser
--

CREATE TABLE public.boletas_plan (
    id bigint NOT NULL,
    day character varying(10),
    topic character varying(50),
    unit character varying(50),
    clase character varying(50),
    activities text,
    book_pages text,
    resources text,
    expected_learning text,
    creation_date timestamp with time zone NOT NULL,
    group_id bigint,
    semana character varying(50),
    user_id integer,
    is_submitted boolean NOT NULL,
    last_modified_date timestamp with time zone NOT NULL,
    week_number integer,
    week_end date,
    week_start date,
    creation_week character varying(50),
    student_data jsonb,
    CONSTRAINT boletas_plan_week_number_check CHECK ((week_number >= 0))
);


ALTER TABLE public.boletas_plan OWNER TO mydbuser;

--
-- Name: boletas_plan_id_seq; Type: SEQUENCE; Schema: public; Owner: mydbuser
--

ALTER TABLE public.boletas_plan ALTER COLUMN id ADD GENERATED BY DEFAULT AS IDENTITY (
    SEQUENCE NAME public.boletas_plan_id_seq
    START WITH 1
    INCREMENT BY 1
    NO MINVALUE
    NO MAXVALUE
    CACHE 1
);


--
-- Name: boletas_responsibilitynote; Type: TABLE; Schema: public; Owner: mydbuser
--

CREATE TABLE public.boletas_responsibilitynote (
    id bigint NOT NULL,
    note character varying(255) NOT NULL,
    user_id integer NOT NULL
);


ALTER TABLE public.boletas_responsibilitynote OWNER TO mydbuser;

--
-- Name: boletas_responsibilitynote_id_seq; Type: SEQUENCE; Schema: public; Owner: mydbuser
--

ALTER TABLE public.boletas_responsibilitynote ALTER COLUMN id ADD GENERATED BY DEFAULT AS IDENTITY (
    SEQUENCE NAME public.boletas_responsibilitynote_id_seq
    START WITH 1
    INCREMENT BY 1
    NO MINVALUE
    NO MAXVALUE
    CACHE 1
);


--
-- Name: boletas_studententry; Type: TABLE; Schema: public; Owner: mydbuser
--

CREATE TABLE public.boletas_studententry (
    id bigint NOT NULL,
    student_name character varying(60),
    comments text,
    performance_id bigint NOT NULL
);


ALTER TABLE public.boletas_studententry OWNER TO mydbuser;

--
-- Name: boletas_studententry_id_seq; Type: SEQUENCE; Schema: public; Owner: mydbuser
--

ALTER TABLE public.boletas_studententry ALTER COLUMN id ADD GENERATED BY DEFAULT AS IDENTITY (
    SEQUENCE NAME public.boletas_studententry_id_seq
    START WITH 1
    INCREMENT BY 1
    NO MINVALUE
    NO MAXVALUE
    CACHE 1
);


--
-- Name: boletas_task; Type: TABLE; Schema: public; Owner: mydbuser
--

CREATE TABLE public.boletas_task (
    id bigint NOT NULL,
    title character varying(100) NOT NULL,
    description text NOT NULL,
    created timestamp with time zone NOT NULL,
    datecompleted timestamp with time zone,
    important boolean NOT NULL,
    user_id integer NOT NULL
);


ALTER TABLE public.boletas_task OWNER TO mydbuser;

--
-- Name: boletas_task_id_seq; Type: SEQUENCE; Schema: public; Owner: mydbuser
--

ALTER TABLE public.boletas_task ALTER COLUMN id ADD GENERATED BY DEFAULT AS IDENTITY (
    SEQUENCE NAME public.boletas_task_id_seq
    START WITH 1
    INCREMENT BY 1
    NO MINVALUE
    NO MAXVALUE
    CACHE 1
);


--
-- Name: django_admin_log; Type: TABLE; Schema: public; Owner: mydbuser
--

CREATE TABLE public.django_admin_log (
    id integer NOT NULL,
    action_time timestamp with time zone NOT NULL,
    object_id text,
    object_repr character varying(200) NOT NULL,
    action_flag smallint NOT NULL,
    change_message text NOT NULL,
    content_type_id integer,
    user_id integer NOT NULL,
    CONSTRAINT django_admin_log_action_flag_check CHECK ((action_flag >= 0))
);


ALTER TABLE public.django_admin_log OWNER TO mydbuser;

--
-- Name: django_admin_log_id_seq; Type: SEQUENCE; Schema: public; Owner: mydbuser
--

ALTER TABLE public.django_admin_log ALTER COLUMN id ADD GENERATED BY DEFAULT AS IDENTITY (
    SEQUENCE NAME public.django_admin_log_id_seq
    START WITH 1
    INCREMENT BY 1
    NO MINVALUE
    NO MAXVALUE
    CACHE 1
);


--
-- Name: django_content_type; Type: TABLE; Schema: public; Owner: mydbuser
--

CREATE TABLE public.django_content_type (
    id integer NOT NULL,
    app_label character varying(100) NOT NULL,
    model character varying(100) NOT NULL
);


ALTER TABLE public.django_content_type OWNER TO mydbuser;

--
-- Name: django_content_type_id_seq; Type: SEQUENCE; Schema: public; Owner: mydbuser
--

ALTER TABLE public.django_content_type ALTER COLUMN id ADD GENERATED BY DEFAULT AS IDENTITY (
    SEQUENCE NAME public.django_content_type_id_seq
    START WITH 1
    INCREMENT BY 1
    NO MINVALUE
    NO MAXVALUE
    CACHE 1
);


--
-- Name: django_migrations; Type: TABLE; Schema: public; Owner: mydbuser
--

CREATE TABLE public.django_migrations (
    id bigint NOT NULL,
    app character varying(255) NOT NULL,
    name character varying(255) NOT NULL,
    applied timestamp with time zone NOT NULL
);


ALTER TABLE public.django_migrations OWNER TO mydbuser;

--
-- Name: django_migrations_id_seq; Type: SEQUENCE; Schema: public; Owner: mydbuser
--

ALTER TABLE public.django_migrations ALTER COLUMN id ADD GENERATED BY DEFAULT AS IDENTITY (
    SEQUENCE NAME public.django_migrations_id_seq
    START WITH 1
    INCREMENT BY 1
    NO MINVALUE
    NO MAXVALUE
    CACHE 1
);


--
-- Name: django_session; Type: TABLE; Schema: public; Owner: mydbuser
--

CREATE TABLE public.django_session (
    session_key character varying(40) NOT NULL,
    session_data text NOT NULL,
    expire_date timestamp with time zone NOT NULL
);


ALTER TABLE public.django_session OWNER TO mydbuser;

--
-- Data for Name: auth_group; Type: TABLE DATA; Schema: public; Owner: mydbuser
--

COPY public.auth_group (id, name) FROM stdin;
\.


--
-- Data for Name: auth_group_permissions; Type: TABLE DATA; Schema: public; Owner: mydbuser
--

COPY public.auth_group_permissions (id, group_id, permission_id) FROM stdin;
\.


--
-- Data for Name: auth_permission; Type: TABLE DATA; Schema: public; Owner: mydbuser
--

COPY public.auth_permission (id, name, content_type_id, codename) FROM stdin;
1	Can add log entry	1	add_logentry
2	Can change log entry	1	change_logentry
3	Can delete log entry	1	delete_logentry
4	Can view log entry	1	view_logentry
5	Can add permission	2	add_permission
6	Can change permission	2	change_permission
7	Can delete permission	2	delete_permission
8	Can view permission	2	view_permission
9	Can add group	3	add_group
10	Can change group	3	change_group
11	Can delete group	3	delete_group
12	Can view group	3	view_group
13	Can add user	4	add_user
14	Can change user	4	change_user
15	Can delete user	4	delete_user
16	Can view user	4	view_user
17	Can add content type	5	add_contenttype
18	Can change content type	5	change_contenttype
19	Can delete content type	5	delete_contenttype
20	Can view content type	5	view_contenttype
21	Can add session	6	add_session
22	Can change session	6	change_session
23	Can delete session	6	delete_session
24	Can view session	6	view_session
25	Can add calificacion	7	add_calificacion
26	Can change calificacion	7	change_calificacion
27	Can delete calificacion	7	delete_calificacion
28	Can view calificacion	7	view_calificacion
29	Can add task	8	add_task
30	Can change task	8	change_task
31	Can delete task	8	delete_task
32	Can view task	8	view_task
33	Can add group	9	add_group
34	Can change group	9	change_group
35	Can delete group	9	delete_group
36	Can view group	9	view_group
37	Can add plan	10	add_plan
38	Can change plan	10	change_plan
39	Can delete plan	10	delete_plan
40	Can view plan	10	view_plan
41	Can add performance	11	add_performance
42	Can change performance	11	change_performance
43	Can delete performance	11	delete_performance
44	Can view performance	11	view_performance
45	Can add student entry	12	add_studententry
46	Can change student entry	12	change_studententry
47	Can delete student entry	12	delete_studententry
48	Can view student entry	12	view_studententry
49	Can add attendance	13	add_attendance
50	Can change attendance	13	change_attendance
51	Can delete attendance	13	delete_attendance
52	Can view attendance	13	view_attendance
53	Can add attendance entry	14	add_attendanceentry
54	Can change attendance entry	14	change_attendanceentry
55	Can delete attendance entry	14	delete_attendanceentry
56	Can view attendance entry	14	view_attendanceentry
57	Can add calificacion adult	15	add_calificacionadult
58	Can change calificacion adult	15	change_calificacionadult
59	Can delete calificacion adult	15	delete_calificacionadult
60	Can view calificacion adult	15	view_calificacionadult
61	Can add calificacion babies	16	add_calificacionbabies
62	Can change calificacion babies	16	change_calificacionbabies
63	Can delete calificacion babies	16	delete_calificacionbabies
64	Can view calificacion babies	16	view_calificacionbabies
65	Can add responsibility note	17	add_responsibilitynote
66	Can change responsibility note	17	change_responsibilitynote
67	Can delete responsibility note	17	delete_responsibilitynote
68	Can view responsibility note	17	view_responsibilitynote
69	Can add comment	18	add_comment
70	Can change comment	18	change_comment
71	Can delete comment	18	delete_comment
72	Can view comment	18	view_comment
\.


--
-- Data for Name: auth_user; Type: TABLE DATA; Schema: public; Owner: mydbuser
--

COPY public.auth_user (id, password, last_login, is_superuser, username, first_name, last_name, email, is_staff, is_active, date_joined) FROM stdin;
1	pbkdf2_sha256$600000$yXQiBK6yMA0zje5uJct3dQ$mcjUKHJg6x6yrrdToMIr5Os8NLHW0T2ldmFLUZ79pt0=	2023-10-17 11:56:38.902609-06	t	charmander			alex.bdp38@gmail.com	t	t	2023-10-17 11:56:12.087825-06
2	pbkdf2_sha256$600000$fC0PPgdWTaph2v4qW7ZB61$5MWEzdYBeuVj5UBQ/ty8f7n/psEktXv7OjO6mI1A/Uc=	\N	f	citlaligutierrez	Citlali	Guti├®rrez Galicia		f	t	2023-10-17 12:00:29-06
3	pbkdf2_sha256$600000$AHcsBPNRxeSfLNky8dZwHI$N/DQnDs3DhRRe2uuReelFrAJIf78VtY2QbqD5v1h+ds=	\N	f	mireyaramirez	Mireya Sirenia	Ram├¡rez Aguilar		f	t	2023-10-17 12:01:24-06
6	pbkdf2_sha256$600000$UUBpIOnTuVpaeoIHnNhX8b$VPo5cCqx1n2vz87zYUYdjGQnPduN1lAt29XDTkt2AYo=	2023-10-17 13:12:02.004633-06	f	alineramirez	Cinthya Aline	Galicia Ram├¡rez		f	t	2023-10-17 12:03:25-06
5	pbkdf2_sha256$600000$PnCnZhmkgLpiT9VBTV7g7A$+LKMBrR2VokVl2gNBG2w2PEmRdbG5rUMFFLf81o7k3w=	\N	f	enicarrillo	Eni Yaravit	Carrillo L├│pez		f	t	2023-10-17 12:02:36-06
7	pbkdf2_sha256$600000$g4Osywgeu5vyrsZuMFtT6o$E3uahSE3EzXMGsM1WYWfekB32fmvWK/TrTMwTM0MNDA=	\N	f	javiergalicia	Francisco Javier	Galicia Yescas		f	t	2023-10-17 12:03:57-06
18	pbkdf2_sha256$600000$Grb2Lx95N1344geHUPWIom$GF9MMcfYayQdlREU8YJIhJ28T2ipxBNdSq+9ydP+Dlo=	2023-10-17 13:12:57.650173-06	f	carlosramirez	Carlos Alberto	Ram├¡rez Ju├írez		f	t	2023-10-17 12:19:31-06
13	pbkdf2_sha256$600000$sDfvEAORLH8QhsGwdvkPbh$r5el3CZ3RpyXF86b/86kv6/mwOM3h0RIlaZ5JxnGSJk=	2023-10-17 13:14:28.36428-06	f	hugogarcia	Jose Hugo	Garc├¡a Reynoso		f	t	2023-10-17 12:06:59-06
10	pbkdf2_sha256$600000$OgtFhjCt9h73nleD20hNx6$IbmJIOn+H5M8PFZOq2935rCoBorYSuKy5EGycpvm6i8=	\N	f	rociomartinez	Roc├¡o de los Angeles	Mart├¡nez Ort├¡z		f	t	2023-10-17 12:05:32-06
11	pbkdf2_sha256$600000$tPpLBwjOqqRzEODuIX41Pj$OT8GXQjt+ysIpMRkCtUsmzLVUtQ+ZuAYMN98M6v8tGY=	\N	f	karinaamaya	Karina	Amaya California		f	t	2023-10-17 12:05:56-06
12	pbkdf2_sha256$600000$VC5daiaXljDNBrHQaSztZT$Bzxa9KQpONcmqv/JGG/olK7EKJxmg9V3fF7iVmosbjw=	\N	f	brendacrisantes	Brenda Laura	Crisantes Escobedo		f	t	2023-10-17 12:06:35-06
14	pbkdf2_sha256$600000$lVGa69NBBbEDv7tGmH8N7q$7IfJ3BsRuSwQfJ1wDmOwPyDdSxVfuc8zJPdkgj4/xZw=	\N	f	edgarmeza	Edgar	Meza Arroyo		f	t	2023-10-17 12:07:28-06
15	pbkdf2_sha256$600000$u8whV8UEATrGY1bLYqGoV1$53QU3WHnOfXj/4SGVxUqE500Ts73CmLFSvoyfWchelU=	\N	f	vicenteriveros	Vicente Rom├ín	Riveros Gonz├ílez		f	t	2023-10-17 12:08:40-06
17	pbkdf2_sha256$600000$TpiRKyFq6zFfnVSpc3Fhp9$9A/M07im26Gdz9ADYkfuaVUZXspEojT5VTm5x3M7bRE=	\N	f	gabrielpe├▒a	Gabriel	Pe├▒a Aguila		f	t	2023-10-17 12:19:03-06
9	pbkdf2_sha256$600000$gyKZ2pN0deT0EIvSCrd8p0$jtoMC0IsbUnr+5T9j7e4Ex4xxAIV8n2XrkSX9wJlmsU=	2023-10-17 12:45:04.267274-06	f	jessicasegura	Jessica	Segura Rivera		f	t	2023-10-17 12:05:07-06
4	pbkdf2_sha256$600000$CXTbia0EftBekho4J78cTb$Ap2Ukhq1R8E/s9zdcgeW7vdoLNW8c3uj3MZhJKALiik=	2023-10-17 12:50:40.169965-06	f	angelvelez	Angel David	Velez Perez		f	t	2023-10-17 12:01:56-06
8	pbkdf2_sha256$600000$kklHXcypkhFCQfQ5Zeaeko$vIM9lmphBvOYFAItfkmn7MqcdxoGL2au/t1VttNvxkU=	2023-10-17 13:03:01.745416-06	f	pablorizo	Pablo	Rizo L├│pez		f	t	2023-10-17 12:04:33-06
16	pbkdf2_sha256$600000$IKwx89vzKntxrvNFvUPrA2$Shzr+ohA909fWODcREYM24CsSnT5OyBTqDVYomKOz9c=	2023-10-17 13:03:35.353117-06	f	alexisgalicia	Alexis	Galicia Ram├¡rez		f	t	2023-10-17 12:13:06-06
\.


--
-- Data for Name: auth_user_groups; Type: TABLE DATA; Schema: public; Owner: mydbuser
--

COPY public.auth_user_groups (id, user_id, group_id) FROM stdin;
\.


--
-- Data for Name: auth_user_user_permissions; Type: TABLE DATA; Schema: public; Owner: mydbuser
--

COPY public.auth_user_user_permissions (id, user_id, permission_id) FROM stdin;
\.


--
-- Data for Name: boletas_attendance; Type: TABLE DATA; Schema: public; Owner: mydbuser
--

COPY public.boletas_attendance (id, semana, creation_date, group_id, user_id, creation_week, is_submitted, last_modified_date, student_data, week_end, week_number, week_start) FROM stdin;
1	October 14 - 21	2023-10-17 12:42:39.359337-06	1	16	October 14 - 21	f	2023-10-17 12:42:39.369963-06	[{"friday": "a", "monday": "a", "tuesday": "a", "thursday": "a", "wednesday": "a", "student_name": "aline"}]	2023-10-21	\N	2023-10-14
2	October 14 - 21	2023-10-17 12:42:47.074632-06	2	16	October 14 - 21	f	2023-10-17 12:42:47.083679-06	[{"friday": "a", "monday": "a", "tuesday": "a", "thursday": "a", "wednesday": "a", "student_name": "a"}]	2023-10-21	\N	2023-10-14
3	October 14 - 21	2023-10-17 12:42:53.557484-06	3	16	October 14 - 21	f	2023-10-17 12:42:53.565099-06	[{"friday": "d", "monday": "d", "tuesday": "d", "thursday": "d", "wednesday": "d", "student_name": "d"}]	2023-10-21	\N	2023-10-14
4	October 14 - 21	2023-10-17 12:43:00.484725-06	4	16	October 14 - 21	f	2023-10-17 12:43:00.491497-06	[{"friday": "w", "monday": "w", "tuesday": "w", "thursday": "w", "wednesday": "w", "student_name": "w"}]	2023-10-21	\N	2023-10-14
5	October 14 - 21	2023-10-17 12:43:07.647842-06	32	16	October 14 - 21	f	2023-10-17 12:43:07.655259-06	[{"friday": "q", "monday": "q", "tuesday": "q", "thursday": "q", "wednesday": "q", "student_name": "q"}]	2023-10-21	\N	2023-10-14
\.


--
-- Data for Name: boletas_attendanceentry; Type: TABLE DATA; Schema: public; Owner: mydbuser
--

COPY public.boletas_attendanceentry (id, student_name, monday, tuesday, wednesday, thursday, friday, attendance_id) FROM stdin;
1	aline	a	a	a	a	a	1
2	a	a	a	a	a	a	2
3	d	d	d	d	d	d	3
4	w	w	w	w	w	w	4
5	q	q	q	q	q	q	5
\.


--
-- Data for Name: boletas_calificacion; Type: TABLE DATA; Schema: public; Owner: mydbuser
--

COPY public.boletas_calificacion (id, student_name, level, unit, unit_exam_grade, speaking_grade, spelling_grade, verbs_grade, unit_exam_porcentage, speaking_porcentage, spelling_porcentage, verbs_porcentage, total_porcentage) FROM stdin;
\.


--
-- Data for Name: boletas_calificacionadult; Type: TABLE DATA; Schema: public; Owner: mydbuser
--

COPY public.boletas_calificacionadult (id, student_name, level, unit, unit_exam_grade, speaking_grade, spelling_grade, verbs_grade, writing_grade, unit_exam_porcentage, speaking_porcentage, spelling_porcentage, verbs_porcentage, writing_porcentage, total_porcentage) FROM stdin;
\.


--
-- Data for Name: boletas_calificacionbabies; Type: TABLE DATA; Schema: public; Owner: mydbuser
--

COPY public.boletas_calificacionbabies (id, student_name, level, unit, unit_exam_grade, speaking_grade, spelling_grade, pronunciation_grade, unit_exam_porcentage, speaking_porcentage, spelling_porcentage, pronunciation_porcentage, total_porcentage) FROM stdin;
1	Carlos Alberto Ram├¡rez Juarez	KIDS BEGINNER	10	8.00	8.00	9.00	9.00	32.00	16.00	18.00	18.00	84.00
\.


--
-- Data for Name: boletas_comment; Type: TABLE DATA; Schema: public; Owner: mydbuser
--

COPY public.boletas_comment (id, comment_text, "timestamp", user_id) FROM stdin;
1	hello	2023-10-17 13:13:02.574197-06	18
\.


--
-- Data for Name: boletas_group; Type: TABLE DATA; Schema: public; Owner: mydbuser
--

COPY public.boletas_group (id, name, level, schedule, user_id) FROM stdin;
1	Winchester	Intermediate	7:30 9 pm	16
2	Birmingham	Beginner	9:30 - 10:30 pm	16
3	New Castle	Intermediate	4 -5 pm	16
4	Brighton	Elementary	5 - 6 pm	16
5	Dover	Share it 3	6 - 7 pm	18
6	Arundel	Babies Elementary	4 -5 pm	2
7	Chester	Babies Pre-Beginner	3 - 4pm	2
8	Quebec	Twist and Shout 2	Sabatino	2
9	Bristol	Share it 1	5 - 6 pm	2
10	Bradford	Twist and Shout 2	4 -5 pm	4
11	Liverpool	Beginner	5 - 6 pm	4
12	Oxford	Pre-Intermediate	6 - 7:30 pm	4
13	Calgary	Elementary	Sabatino	4
14	Preston	Twist and Shout 3	4 -5 pm	5
15	Windsor	Twist and Shout 1	5 - 6 pm	5
16	Montreal	Share it 3	Sabatino	5
17	Bath	Twist and Shout 1	5 - 6 pm	6
18	Edimburg	Share it 6	3 - 4pm	6
19	Sidney	Bebop 1	4 -5 pm	6
20	Hobart	Share it 2	Sabatino	6
21	Derby	Share it 3	5 - 6 pm	7
22	York	Share it 4	4 -5 pm	7
23	Nottingham	Elementary	6 - 7:30 pm	7
24	Otawa	Pre-Intermediate	Sabatino	7
25	Leeds	Share it 4	3 - 4pm	8
26	Durham	Nivel Especial	8:30 - 9:30 pm	8
27	Dubbo	Beginner	Sabatino	8
28	Perth	Twist and Shout 1	4 -5 pm	8
29	Brisbane	Share it 1	5 - 6 pm	8
30	Bunbury	Beginner	6 - 7:30 pm	8
31	London	Beginner	Sabatino	10
32	Albury	Elementary	Sabatino	16
33	Manchester	Share it 1	5 - 6 pm	18
34	Camberra	Beginner	Sabatino	18
35	Vancouver	Elementary	Sabatino	9
36	Sheffield	Beginner	8 - 9:30 pm	9
37	Toronto	Beginner	Sabatino Online	18
38	Cambridge	Intermediate	6:30 - 8 pm	11
39	Washington	Share it 6	3 - 4pm	12
40	Halifax	Share it 1	Sabatino	13
41	Leicester	Upper-Intemediate	Sabatino	14
42	Orange	Twist and Shout 1	Sabatino	15
\.


--
-- Data for Name: boletas_performance; Type: TABLE DATA; Schema: public; Owner: mydbuser
--

COPY public.boletas_performance (id, semana, creation_date, group_id, user_id, is_submitted, last_modified_date, week_end, week_number, week_start, student_data, creation_week) FROM stdin;
1	October 14-21	2023-10-17 13:04:23.990169-06	1	16	f	2023-10-17 13:04:23.990169-06	2023-10-21	\N	2023-10-14	[{"comments": "qwqweq", "student_name": "ASD"}]	October Semana: 14-21
\.


--
-- Data for Name: boletas_plan; Type: TABLE DATA; Schema: public; Owner: mydbuser
--

COPY public.boletas_plan (id, day, topic, unit, clase, activities, book_pages, resources, expected_learning, creation_date, group_id, semana, user_id, is_submitted, last_modified_date, week_number, week_end, week_start, creation_week, student_data) FROM stdin;
2	Monday	pppop	pop	opo	po	io	io	oi	2023-10-17 13:10:16.744999-06	1	October 14-21	16	f	2023-10-17 13:10:16.744999-06	\N	2023-10-21	2023-10-14	October 14-21	[{"day": "Monday", "unit": "pop", "clase": "opo", "topic": "pppop", "resources": "io", "activities": "po", "book_pages": "io", "expected_learning": "oi"}, {"day": "Tuesday", "unit": "oi", "clase": "oi", "topic": "oi", "resources": "oi", "activities": "oi", "book_pages": "oi", "expected_learning": "oi"}, {"day": "Wednesday", "unit": "oi", "clase": "oi", "topic": "oioi", "resources": "oi", "activities": "oi", "book_pages": "oi", "expected_learning": "oi"}, {"day": "Thursday", "unit": "oi", "clase": "oi", "topic": "oi", "resources": "oi", "activities": "oi", "book_pages": "oi", "expected_learning": "oi"}, {"day": "Friday", "unit": "oi", "clase": "oi", "topic": "oi", "resources": "oi", "activities": "oi", "book_pages": "oi", "expected_learning": "oi"}]
\.


--
-- Data for Name: boletas_responsibilitynote; Type: TABLE DATA; Schema: public; Owner: mydbuser
--

COPY public.boletas_responsibilitynote (id, note, user_id) FROM stdin;
\.


--
-- Data for Name: boletas_studententry; Type: TABLE DATA; Schema: public; Owner: mydbuser
--

COPY public.boletas_studententry (id, student_name, comments, performance_id) FROM stdin;
\.


--
-- Data for Name: boletas_task; Type: TABLE DATA; Schema: public; Owner: mydbuser
--

COPY public.boletas_task (id, title, description, created, datecompleted, important, user_id) FROM stdin;
\.


--
-- Data for Name: django_admin_log; Type: TABLE DATA; Schema: public; Owner: mydbuser
--

COPY public.django_admin_log (id, action_time, object_id, object_repr, action_flag, change_message, content_type_id, user_id) FROM stdin;
1	2023-10-17 12:00:29.852729-06	2	citlaligutierrez	1	[{"added": {}}]	4	1
2	2023-10-17 12:00:53.187605-06	2	citlaligutierrez	2	[{"changed": {"fields": ["First name", "Last name"]}}]	4	1
3	2023-10-17 12:01:24.985264-06	3	mireyaramirez	1	[{"added": {}}]	4	1
4	2023-10-17 12:01:40.437491-06	3	mireyaramirez	2	[{"changed": {"fields": ["First name", "Last name"]}}]	4	1
5	2023-10-17 12:01:57.412906-06	4	angelvelez	1	[{"added": {}}]	4	1
6	2023-10-17 12:02:11.167247-06	4	angelvelez	2	[{"changed": {"fields": ["First name", "Last name"]}}]	4	1
7	2023-10-17 12:02:36.602093-06	5	enicarrillo	1	[{"added": {}}]	4	1
8	2023-10-17 12:02:57.021523-06	5	enicarrillo	2	[{"changed": {"fields": ["First name", "Last name"]}}]	4	1
9	2023-10-17 12:03:25.977216-06	6	alineramirez	1	[{"added": {}}]	4	1
10	2023-10-17 12:03:37.127258-06	6	alineramirez	2	[{"changed": {"fields": ["First name", "Last name"]}}]	4	1
11	2023-10-17 12:03:58.456987-06	7	javiergalicia	1	[{"added": {}}]	4	1
12	2023-10-17 12:04:10.176927-06	7	javiergalicia	2	[{"changed": {"fields": ["First name", "Last name"]}}]	4	1
13	2023-10-17 12:04:34.076989-06	8	pablorizo	1	[{"added": {}}]	4	1
14	2023-10-17 12:04:45.047007-06	8	pablorizo	2	[{"changed": {"fields": ["First name", "Last name"]}}]	4	1
15	2023-10-17 12:05:07.96481-06	9	jessicasegura	1	[{"added": {}}]	4	1
16	2023-10-17 12:05:18.416655-06	9	jessicasegura	2	[{"changed": {"fields": ["First name", "Last name"]}}]	4	1
17	2023-10-17 12:05:32.661823-06	10	rociomartinez	1	[{"added": {}}]	4	1
18	2023-10-17 12:05:42.241395-06	10	rociomartinez	2	[{"changed": {"fields": ["First name", "Last name"]}}]	4	1
19	2023-10-17 12:05:56.560684-06	11	karinaamaya	1	[{"added": {}}]	4	1
20	2023-10-17 12:06:13.160709-06	11	karinaamaya	2	[{"changed": {"fields": ["First name", "Last name"]}}]	4	1
21	2023-10-17 12:06:35.830608-06	12	brendacrisantes	1	[{"added": {}}]	4	1
22	2023-10-17 12:06:44.950731-06	12	brendacrisantes	2	[{"changed": {"fields": ["First name", "Last name"]}}]	4	1
23	2023-10-17 12:07:00.391593-06	13	hugogarcia	1	[{"added": {}}]	4	1
24	2023-10-17 12:07:13.046822-06	13	hugogarcia	2	[{"changed": {"fields": ["First name", "Last name"]}}]	4	1
25	2023-10-17 12:07:28.78549-06	14	edgarmeza	1	[{"added": {}}]	4	1
26	2023-10-17 12:07:38.495459-06	14	edgarmeza	2	[{"changed": {"fields": ["First name", "Last name"]}}]	4	1
27	2023-10-17 12:08:41.432309-06	15	vicenteriveros	1	[{"added": {}}]	4	1
28	2023-10-17 12:09:13.896092-06	15	vicenteriveros	2	[{"changed": {"fields": ["First name", "Last name"]}}]	4	1
29	2023-10-17 12:13:07.184495-06	16	alexisgalicia	1	[{"added": {}}]	4	1
30	2023-10-17 12:13:16.058489-06	16	alexisgalicia	2	[{"changed": {"fields": ["First name", "Last name"]}}]	4	1
31	2023-10-17 12:14:10.359894-06	1	Winchester	1	[{"added": {}}]	9	1
32	2023-10-17 12:15:29.981247-06	2	Birmingham	1	[{"added": {}}]	9	1
33	2023-10-17 12:16:22.189371-06	3	New Castle	1	[{"added": {}}]	9	1
34	2023-10-17 12:16:49.136001-06	4	Brighton	1	[{"added": {}}]	9	1
35	2023-10-17 12:18:24.601055-06	5	Dover	1	[{"added": {}}]	9	1
36	2023-10-17 12:19:04.363372-06	17	gabrielpe├▒a	1	[{"added": {}}]	4	1
37	2023-10-17 12:19:16.439724-06	17	gabrielpe├▒a	2	[{"changed": {"fields": ["First name", "Last name"]}}]	4	1
38	2023-10-17 12:19:31.657341-06	18	carlosramirez	1	[{"added": {}}]	4	1
39	2023-10-17 12:19:50.449056-06	18	carlosramirez	2	[{"changed": {"fields": ["First name", "Last name"]}}]	4	1
40	2023-10-17 12:20:17.17087-06	5	Dover	2	[{"changed": {"fields": ["User"]}}]	9	1
41	2023-10-17 12:20:55.108238-06	6	Arundel	1	[{"added": {}}]	9	1
42	2023-10-17 12:21:17.826699-06	7	Chester	1	[{"added": {}}]	9	1
43	2023-10-17 12:21:40.444891-06	8	Quebec	1	[{"added": {}}]	9	1
44	2023-10-17 12:21:59.495237-06	9	Bristol	1	[{"added": {}}]	9	1
45	2023-10-17 12:22:22.665362-06	10	Bradford	1	[{"added": {}}]	9	1
46	2023-10-17 12:22:46.331937-06	11	Liverpool	1	[{"added": {}}]	9	1
47	2023-10-17 12:23:03.064141-06	12	Oxford	1	[{"added": {}}]	9	1
48	2023-10-17 12:23:15.381378-06	13	Calgary	1	[{"added": {}}]	9	1
49	2023-10-17 12:23:35.489168-06	14	Preston	1	[{"added": {}}]	9	1
50	2023-10-17 12:23:51.851802-06	15	Windsor	1	[{"added": {}}]	9	1
51	2023-10-17 12:25:13.116096-06	16	Montreal	1	[{"added": {}}]	9	1
52	2023-10-17 12:25:26.542102-06	17	Bath	1	[{"added": {}}]	9	1
53	2023-10-17 12:25:50.80646-06	18	Edimburg	1	[{"added": {}}]	9	1
54	2023-10-17 12:26:11.116969-06	19	Sidney	1	[{"added": {}}]	9	1
55	2023-10-17 12:26:27.905016-06	20	Hobart	1	[{"added": {}}]	9	1
56	2023-10-17 12:26:55.228154-06	21	Derby	1	[{"added": {}}]	9	1
57	2023-10-17 12:27:07.805863-06	22	York	1	[{"added": {}}]	9	1
58	2023-10-17 12:27:22.315931-06	23	Nottingham	1	[{"added": {}}]	9	1
59	2023-10-17 12:27:35.88954-06	24	Otawa	1	[{"added": {}}]	9	1
60	2023-10-17 12:27:51.666817-06	25	Leeds	1	[{"added": {}}]	9	1
61	2023-10-17 12:28:14.929668-06	26	Durham	1	[{"added": {}}]	9	1
62	2023-10-17 12:28:34.943141-06	27	Dubbo	1	[{"added": {}}]	9	1
63	2023-10-17 12:29:46.364859-06	28	Perth	1	[{"added": {}}]	9	1
64	2023-10-17 12:30:05.983414-06	29	Brisbane	1	[{"added": {}}]	9	1
65	2023-10-17 12:30:23.731982-06	30	Bunbury	1	[{"added": {}}]	9	1
66	2023-10-17 12:30:44.773447-06	31	London	1	[{"added": {}}]	9	1
67	2023-10-17 12:31:02.719461-06	32	Albury	1	[{"added": {}}]	9	1
68	2023-10-17 12:31:19.560644-06	33	Manchester	1	[{"added": {}}]	9	1
69	2023-10-17 12:32:01.431334-06	34	Camberra	1	[{"added": {}}]	9	1
70	2023-10-17 12:33:57.182276-06	35	Vancouver	1	[{"added": {}}]	9	1
71	2023-10-17 12:34:22.957465-06	36	Sheffield	1	[{"added": {}}]	9	1
72	2023-10-17 12:38:47.944976-06	37	Toronto	1	[{"added": {}}]	9	1
73	2023-10-17 12:39:01.776827-06	38	Cambridge	1	[{"added": {}}]	9	1
74	2023-10-17 12:39:23.418892-06	39	Washington	1	[{"added": {}}]	9	1
75	2023-10-17 12:39:38.53179-06	40	Halifax	1	[{"added": {}}]	9	1
76	2023-10-17 12:39:56.736776-06	41	Leicester	1	[{"added": {}}]	9	1
77	2023-10-17 12:40:13.934318-06	42	Orange	1	[{"added": {}}]	9	1
78	2023-10-17 13:09:35.408398-06	1	Winchester, Plan: 2023-10-17 13:05:06, Teacher: alexisgalicia	3		10	1
79	2023-10-17 13:18:48.272024-06	6	Halifax, Attendance: 2023-10-17 13:14:47, Teacher: hugogarcia	3		13	1
80	2023-10-17 13:19:04.382231-06	2	Halifax, Performance: 2023-10-17 13:14:36, Teacher: hugogarcia	3		11	1
81	2023-10-17 13:19:14.720572-06	3	Halifax, Plan: 2023-10-17 13:15:17, Teacher: hugogarcia	3		10	1
\.


--
-- Data for Name: django_content_type; Type: TABLE DATA; Schema: public; Owner: mydbuser
--

COPY public.django_content_type (id, app_label, model) FROM stdin;
1	admin	logentry
2	auth	permission
3	auth	group
4	auth	user
5	contenttypes	contenttype
6	sessions	session
7	boletas	calificacion
8	boletas	task
9	boletas	group
10	boletas	plan
11	boletas	performance
12	boletas	studententry
13	boletas	attendance
14	boletas	attendanceentry
15	boletas	calificacionadult
16	boletas	calificacionbabies
17	boletas	responsibilitynote
18	boletas	comment
\.


--
-- Data for Name: django_migrations; Type: TABLE DATA; Schema: public; Owner: mydbuser
--

COPY public.django_migrations (id, app, name, applied) FROM stdin;
1	contenttypes	0001_initial	2023-10-17 10:12:59.028163-06
2	auth	0001_initial	2023-10-17 10:12:59.482462-06
3	admin	0001_initial	2023-10-17 10:12:59.554268-06
4	admin	0002_logentry_remove_auto_add	2023-10-17 10:12:59.572418-06
5	admin	0003_logentry_add_action_flag_choices	2023-10-17 10:12:59.582662-06
6	contenttypes	0002_remove_content_type_name	2023-10-17 10:12:59.61412-06
7	auth	0002_alter_permission_name_max_length	2023-10-17 10:12:59.624705-06
8	auth	0003_alter_user_email_max_length	2023-10-17 10:12:59.640654-06
9	auth	0004_alter_user_username_opts	2023-10-17 10:12:59.652433-06
10	auth	0005_alter_user_last_login_null	2023-10-17 10:12:59.6627-06
11	auth	0006_require_contenttypes_0002	2023-10-17 10:12:59.664238-06
12	auth	0007_alter_validators_add_error_messages	2023-10-17 10:12:59.680904-06
13	auth	0008_alter_user_username_max_length	2023-10-17 10:12:59.713628-06
14	auth	0009_alter_user_last_name_max_length	2023-10-17 10:12:59.722247-06
15	auth	0010_alter_group_name_max_length	2023-10-17 10:12:59.745914-06
16	auth	0011_update_proxy_permissions	2023-10-17 10:12:59.757182-06
17	auth	0012_alter_user_first_name_max_length	2023-10-17 10:12:59.772413-06
18	boletas	0001_initial	2023-10-17 10:12:59.849034-06
19	boletas	0002_group_alter_task_datecompleted_plan	2023-10-17 10:12:59.922149-06
20	boletas	0003_alter_plan_activities_alter_plan_book_pages_and_more	2023-10-17 10:12:59.986755-06
21	boletas	0004_alter_plan_activities_alter_plan_book_pages_and_more	2023-10-17 10:13:00.018998-06
22	boletas	0005_alter_plan_creation_date	2023-10-17 10:13:00.057364-06
23	boletas	0006_plan_semana	2023-10-17 10:13:00.079141-06
24	boletas	0007_plan_user	2023-10-17 10:13:00.108874-06
25	boletas	0008_alter_plan_user	2023-10-17 10:13:00.132236-06
26	boletas	0009_calificacion_user	2023-10-17 10:13:00.164401-06
27	boletas	0010_alter_calificacion_user	2023-10-17 10:13:00.185273-06
28	boletas	0011_remove_calificacion_user	2023-10-17 10:13:00.238059-06
29	boletas	0012_group_user	2023-10-17 10:13:00.270104-06
30	boletas	0013_alter_plan_group	2023-10-17 10:13:00.29054-06
31	boletas	0014_performance_alter_plan_group_studententry	2023-10-17 10:13:00.377024-06
32	boletas	0015_performance_group_performance_user	2023-10-17 10:13:00.434986-06
33	boletas	0016_alter_performance_group	2023-10-17 10:13:00.460943-06
34	boletas	0017_attendance_attendanceentry	2023-10-17 10:13:00.582449-06
35	boletas	0018_plan_is_submitted_plan_last_modified_date_and_more	2023-10-17 10:13:00.647796-06
36	boletas	0019_plan_week_end_plan_week_start	2023-10-17 10:13:00.679969-06
37	boletas	0020_performance_is_submitted_and_more	2023-10-17 10:13:00.768896-06
38	boletas	0021_performance_student_data_alter_performance_semana	2023-10-17 10:13:00.816328-06
39	boletas	0022_remove_performance_student_data_and_more	2023-10-17 10:13:00.852534-06
40	boletas	0023_performance_student_date	2023-10-17 10:13:00.872454-06
41	boletas	0024_remove_performance_student_count	2023-10-17 10:13:00.892536-06
42	boletas	0025_rename_student_date_performance_student_data	2023-10-17 10:13:00.922347-06
43	boletas	0026_performance_creation_week	2023-10-17 10:13:00.948885-06
44	boletas	0027_attendance_creation_week_attendance_is_submitted_and_more	2023-10-17 10:13:01.112644-06
45	boletas	0028_alter_plan_day	2023-10-17 10:13:01.135218-06
46	boletas	0029_plan_creation_week_plan_student_data	2023-10-17 10:13:01.178671-06
47	boletas	0030_calificacionadult	2023-10-17 10:13:01.202066-06
48	boletas	0031_alter_plan_day	2023-10-17 10:13:01.226236-06
49	boletas	0032_alter_plan_day	2023-10-17 10:13:01.248199-06
50	boletas	0033_calificacionbabies	2023-10-17 10:13:01.272192-06
51	boletas	0034_alter_attendanceentry_attendance_and_more	2023-10-17 10:13:01.372314-06
52	boletas	0035_responsibilitynote	2023-10-17 10:13:01.446453-06
53	boletas	0036_remove_responsibilitynote_week_end_and_more	2023-10-17 10:13:01.592622-06
54	boletas	0037_comment	2023-10-17 10:13:01.672241-06
55	sessions	0001_initial	2023-10-17 10:13:01.72336-06
56	boletas	0038_alter_plan_activities_alter_plan_book_pages_and_more	2023-10-17 13:18:05.228659-06
\.


--
-- Data for Name: django_session; Type: TABLE DATA; Schema: public; Owner: mydbuser
--

COPY public.django_session (session_key, session_data, expire_date) FROM stdin;
537jmfvloukj765qu8lvlo90yu0cc5xq	.eJxVjMsOwiAQRf-FtSHlDS7d-w1kBgapGkhKuzL-uzbpQrf3nHNfLMK21rgNWuKc2ZkJdvrdENKD2g7yHdqt89TbuszId4UfdPBrz_S8HO7fQYVRv7VyqkjhQaIzJB0o4UmUUNAInT0CZjVZG7xWlNDJZEhJO5WgwUMyRbL3B9ggN9I:1qsoJ4:ty4B1B2UE04GGucU6tyYBavJ4oeS_kPIcfmS5gl9XoU	2023-10-31 11:56:38.908859-06
xn130fxzzoecm22rn79owt4c38rtacq7	.eJxVjEEOwiAQRe_C2hBgKAWX7j0DmYFBqoYmpV0Z765NutDtf-_9l4i4rTVunZc4ZXEWGsTpdyRMD247yXdst1mmua3LRHJX5EG7vM6Zn5fD_Tuo2Ou39sDOFAqK2I5eOR_QgB-IORWjrSlKERp0oSDrMFirgEYXgJFM9pDF-wMByTgE:1qspWO:5ExGsYcrFD6-X0N_Ps7X0mAc2-vBzVFW6_RSylEJ1rs	2023-10-31 13:14:28.366947-06
\.


--
-- Name: auth_group_id_seq; Type: SEQUENCE SET; Schema: public; Owner: mydbuser
--

SELECT pg_catalog.setval('public.auth_group_id_seq', 1, false);


--
-- Name: auth_group_permissions_id_seq; Type: SEQUENCE SET; Schema: public; Owner: mydbuser
--

SELECT pg_catalog.setval('public.auth_group_permissions_id_seq', 1, false);


--
-- Name: auth_permission_id_seq; Type: SEQUENCE SET; Schema: public; Owner: mydbuser
--

SELECT pg_catalog.setval('public.auth_permission_id_seq', 72, true);


--
-- Name: auth_user_groups_id_seq; Type: SEQUENCE SET; Schema: public; Owner: mydbuser
--

SELECT pg_catalog.setval('public.auth_user_groups_id_seq', 1, false);


--
-- Name: auth_user_id_seq; Type: SEQUENCE SET; Schema: public; Owner: mydbuser
--

SELECT pg_catalog.setval('public.auth_user_id_seq', 18, true);


--
-- Name: auth_user_user_permissions_id_seq; Type: SEQUENCE SET; Schema: public; Owner: mydbuser
--

SELECT pg_catalog.setval('public.auth_user_user_permissions_id_seq', 1, false);


--
-- Name: boletas_attendance_id_seq; Type: SEQUENCE SET; Schema: public; Owner: mydbuser
--

SELECT pg_catalog.setval('public.boletas_attendance_id_seq', 6, true);


--
-- Name: boletas_attendanceentry_id_seq; Type: SEQUENCE SET; Schema: public; Owner: mydbuser
--

SELECT pg_catalog.setval('public.boletas_attendanceentry_id_seq', 6, true);


--
-- Name: boletas_calificacion_id_seq; Type: SEQUENCE SET; Schema: public; Owner: mydbuser
--

SELECT pg_catalog.setval('public.boletas_calificacion_id_seq', 1, false);


--
-- Name: boletas_calificacionadult_id_seq; Type: SEQUENCE SET; Schema: public; Owner: mydbuser
--

SELECT pg_catalog.setval('public.boletas_calificacionadult_id_seq', 1, false);


--
-- Name: boletas_calificacionbabies_id_seq; Type: SEQUENCE SET; Schema: public; Owner: mydbuser
--

SELECT pg_catalog.setval('public.boletas_calificacionbabies_id_seq', 1, true);


--
-- Name: boletas_comment_id_seq; Type: SEQUENCE SET; Schema: public; Owner: mydbuser
--

SELECT pg_catalog.setval('public.boletas_comment_id_seq', 1, true);


--
-- Name: boletas_group_id_seq; Type: SEQUENCE SET; Schema: public; Owner: mydbuser
--

SELECT pg_catalog.setval('public.boletas_group_id_seq', 42, true);


--
-- Name: boletas_performance_id_seq; Type: SEQUENCE SET; Schema: public; Owner: mydbuser
--

SELECT pg_catalog.setval('public.boletas_performance_id_seq', 2, true);


--
-- Name: boletas_plan_id_seq; Type: SEQUENCE SET; Schema: public; Owner: mydbuser
--

SELECT pg_catalog.setval('public.boletas_plan_id_seq', 3, true);


--
-- Name: boletas_responsibilitynote_id_seq; Type: SEQUENCE SET; Schema: public; Owner: mydbuser
--

SELECT pg_catalog.setval('public.boletas_responsibilitynote_id_seq', 1, false);


--
-- Name: boletas_studententry_id_seq; Type: SEQUENCE SET; Schema: public; Owner: mydbuser
--

SELECT pg_catalog.setval('public.boletas_studententry_id_seq', 1, false);


--
-- Name: boletas_task_id_seq; Type: SEQUENCE SET; Schema: public; Owner: mydbuser
--

SELECT pg_catalog.setval('public.boletas_task_id_seq', 1, false);


--
-- Name: django_admin_log_id_seq; Type: SEQUENCE SET; Schema: public; Owner: mydbuser
--

SELECT pg_catalog.setval('public.django_admin_log_id_seq', 81, true);


--
-- Name: django_content_type_id_seq; Type: SEQUENCE SET; Schema: public; Owner: mydbuser
--

SELECT pg_catalog.setval('public.django_content_type_id_seq', 18, true);


--
-- Name: django_migrations_id_seq; Type: SEQUENCE SET; Schema: public; Owner: mydbuser
--

SELECT pg_catalog.setval('public.django_migrations_id_seq', 56, true);


--
-- Name: auth_group auth_group_name_key; Type: CONSTRAINT; Schema: public; Owner: mydbuser
--

ALTER TABLE ONLY public.auth_group
    ADD CONSTRAINT auth_group_name_key UNIQUE (name);


--
-- Name: auth_group_permissions auth_group_permissions_group_id_permission_id_0cd325b0_uniq; Type: CONSTRAINT; Schema: public; Owner: mydbuser
--

ALTER TABLE ONLY public.auth_group_permissions
    ADD CONSTRAINT auth_group_permissions_group_id_permission_id_0cd325b0_uniq UNIQUE (group_id, permission_id);


--
-- Name: auth_group_permissions auth_group_permissions_pkey; Type: CONSTRAINT; Schema: public; Owner: mydbuser
--

ALTER TABLE ONLY public.auth_group_permissions
    ADD CONSTRAINT auth_group_permissions_pkey PRIMARY KEY (id);


--
-- Name: auth_group auth_group_pkey; Type: CONSTRAINT; Schema: public; Owner: mydbuser
--

ALTER TABLE ONLY public.auth_group
    ADD CONSTRAINT auth_group_pkey PRIMARY KEY (id);


--
-- Name: auth_permission auth_permission_content_type_id_codename_01ab375a_uniq; Type: CONSTRAINT; Schema: public; Owner: mydbuser
--

ALTER TABLE ONLY public.auth_permission
    ADD CONSTRAINT auth_permission_content_type_id_codename_01ab375a_uniq UNIQUE (content_type_id, codename);


--
-- Name: auth_permission auth_permission_pkey; Type: CONSTRAINT; Schema: public; Owner: mydbuser
--

ALTER TABLE ONLY public.auth_permission
    ADD CONSTRAINT auth_permission_pkey PRIMARY KEY (id);


--
-- Name: auth_user_groups auth_user_groups_pkey; Type: CONSTRAINT; Schema: public; Owner: mydbuser
--

ALTER TABLE ONLY public.auth_user_groups
    ADD CONSTRAINT auth_user_groups_pkey PRIMARY KEY (id);


--
-- Name: auth_user_groups auth_user_groups_user_id_group_id_94350c0c_uniq; Type: CONSTRAINT; Schema: public; Owner: mydbuser
--

ALTER TABLE ONLY public.auth_user_groups
    ADD CONSTRAINT auth_user_groups_user_id_group_id_94350c0c_uniq UNIQUE (user_id, group_id);


--
-- Name: auth_user auth_user_pkey; Type: CONSTRAINT; Schema: public; Owner: mydbuser
--

ALTER TABLE ONLY public.auth_user
    ADD CONSTRAINT auth_user_pkey PRIMARY KEY (id);


--
-- Name: auth_user_user_permissions auth_user_user_permissions_pkey; Type: CONSTRAINT; Schema: public; Owner: mydbuser
--

ALTER TABLE ONLY public.auth_user_user_permissions
    ADD CONSTRAINT auth_user_user_permissions_pkey PRIMARY KEY (id);


--
-- Name: auth_user_user_permissions auth_user_user_permissions_user_id_permission_id_14a6b632_uniq; Type: CONSTRAINT; Schema: public; Owner: mydbuser
--

ALTER TABLE ONLY public.auth_user_user_permissions
    ADD CONSTRAINT auth_user_user_permissions_user_id_permission_id_14a6b632_uniq UNIQUE (user_id, permission_id);


--
-- Name: auth_user auth_user_username_key; Type: CONSTRAINT; Schema: public; Owner: mydbuser
--

ALTER TABLE ONLY public.auth_user
    ADD CONSTRAINT auth_user_username_key UNIQUE (username);


--
-- Name: boletas_attendance boletas_attendance_pkey; Type: CONSTRAINT; Schema: public; Owner: mydbuser
--

ALTER TABLE ONLY public.boletas_attendance
    ADD CONSTRAINT boletas_attendance_pkey PRIMARY KEY (id);


--
-- Name: boletas_attendanceentry boletas_attendanceentry_pkey; Type: CONSTRAINT; Schema: public; Owner: mydbuser
--

ALTER TABLE ONLY public.boletas_attendanceentry
    ADD CONSTRAINT boletas_attendanceentry_pkey PRIMARY KEY (id);


--
-- Name: boletas_calificacion boletas_calificacion_pkey; Type: CONSTRAINT; Schema: public; Owner: mydbuser
--

ALTER TABLE ONLY public.boletas_calificacion
    ADD CONSTRAINT boletas_calificacion_pkey PRIMARY KEY (id);


--
-- Name: boletas_calificacionadult boletas_calificacionadult_pkey; Type: CONSTRAINT; Schema: public; Owner: mydbuser
--

ALTER TABLE ONLY public.boletas_calificacionadult
    ADD CONSTRAINT boletas_calificacionadult_pkey PRIMARY KEY (id);


--
-- Name: boletas_calificacionbabies boletas_calificacionbabies_pkey; Type: CONSTRAINT; Schema: public; Owner: mydbuser
--

ALTER TABLE ONLY public.boletas_calificacionbabies
    ADD CONSTRAINT boletas_calificacionbabies_pkey PRIMARY KEY (id);


--
-- Name: boletas_comment boletas_comment_pkey; Type: CONSTRAINT; Schema: public; Owner: mydbuser
--

ALTER TABLE ONLY public.boletas_comment
    ADD CONSTRAINT boletas_comment_pkey PRIMARY KEY (id);


--
-- Name: boletas_group boletas_group_pkey; Type: CONSTRAINT; Schema: public; Owner: mydbuser
--

ALTER TABLE ONLY public.boletas_group
    ADD CONSTRAINT boletas_group_pkey PRIMARY KEY (id);


--
-- Name: boletas_performance boletas_performance_pkey; Type: CONSTRAINT; Schema: public; Owner: mydbuser
--

ALTER TABLE ONLY public.boletas_performance
    ADD CONSTRAINT boletas_performance_pkey PRIMARY KEY (id);


--
-- Name: boletas_plan boletas_plan_pkey; Type: CONSTRAINT; Schema: public; Owner: mydbuser
--

ALTER TABLE ONLY public.boletas_plan
    ADD CONSTRAINT boletas_plan_pkey PRIMARY KEY (id);


--
-- Name: boletas_responsibilitynote boletas_responsibilitynote_pkey; Type: CONSTRAINT; Schema: public; Owner: mydbuser
--

ALTER TABLE ONLY public.boletas_responsibilitynote
    ADD CONSTRAINT boletas_responsibilitynote_pkey PRIMARY KEY (id);


--
-- Name: boletas_responsibilitynote boletas_responsibilitynote_user_id_04d4bb4b_uniq; Type: CONSTRAINT; Schema: public; Owner: mydbuser
--

ALTER TABLE ONLY public.boletas_responsibilitynote
    ADD CONSTRAINT boletas_responsibilitynote_user_id_04d4bb4b_uniq UNIQUE (user_id);


--
-- Name: boletas_studententry boletas_studententry_pkey; Type: CONSTRAINT; Schema: public; Owner: mydbuser
--

ALTER TABLE ONLY public.boletas_studententry
    ADD CONSTRAINT boletas_studententry_pkey PRIMARY KEY (id);


--
-- Name: boletas_task boletas_task_pkey; Type: CONSTRAINT; Schema: public; Owner: mydbuser
--

ALTER TABLE ONLY public.boletas_task
    ADD CONSTRAINT boletas_task_pkey PRIMARY KEY (id);


--
-- Name: django_admin_log django_admin_log_pkey; Type: CONSTRAINT; Schema: public; Owner: mydbuser
--

ALTER TABLE ONLY public.django_admin_log
    ADD CONSTRAINT django_admin_log_pkey PRIMARY KEY (id);


--
-- Name: django_content_type django_content_type_app_label_model_76bd3d3b_uniq; Type: CONSTRAINT; Schema: public; Owner: mydbuser
--

ALTER TABLE ONLY public.django_content_type
    ADD CONSTRAINT django_content_type_app_label_model_76bd3d3b_uniq UNIQUE (app_label, model);


--
-- Name: django_content_type django_content_type_pkey; Type: CONSTRAINT; Schema: public; Owner: mydbuser
--

ALTER TABLE ONLY public.django_content_type
    ADD CONSTRAINT django_content_type_pkey PRIMARY KEY (id);


--
-- Name: django_migrations django_migrations_pkey; Type: CONSTRAINT; Schema: public; Owner: mydbuser
--

ALTER TABLE ONLY public.django_migrations
    ADD CONSTRAINT django_migrations_pkey PRIMARY KEY (id);


--
-- Name: django_session django_session_pkey; Type: CONSTRAINT; Schema: public; Owner: mydbuser
--

ALTER TABLE ONLY public.django_session
    ADD CONSTRAINT django_session_pkey PRIMARY KEY (session_key);


--
-- Name: auth_group_name_a6ea08ec_like; Type: INDEX; Schema: public; Owner: mydbuser
--

CREATE INDEX auth_group_name_a6ea08ec_like ON public.auth_group USING btree (name varchar_pattern_ops);


--
-- Name: auth_group_permissions_group_id_b120cbf9; Type: INDEX; Schema: public; Owner: mydbuser
--

CREATE INDEX auth_group_permissions_group_id_b120cbf9 ON public.auth_group_permissions USING btree (group_id);


--
-- Name: auth_group_permissions_permission_id_84c5c92e; Type: INDEX; Schema: public; Owner: mydbuser
--

CREATE INDEX auth_group_permissions_permission_id_84c5c92e ON public.auth_group_permissions USING btree (permission_id);


--
-- Name: auth_permission_content_type_id_2f476e4b; Type: INDEX; Schema: public; Owner: mydbuser
--

CREATE INDEX auth_permission_content_type_id_2f476e4b ON public.auth_permission USING btree (content_type_id);


--
-- Name: auth_user_groups_group_id_97559544; Type: INDEX; Schema: public; Owner: mydbuser
--

CREATE INDEX auth_user_groups_group_id_97559544 ON public.auth_user_groups USING btree (group_id);


--
-- Name: auth_user_groups_user_id_6a12ed8b; Type: INDEX; Schema: public; Owner: mydbuser
--

CREATE INDEX auth_user_groups_user_id_6a12ed8b ON public.auth_user_groups USING btree (user_id);


--
-- Name: auth_user_user_permissions_permission_id_1fbb5f2c; Type: INDEX; Schema: public; Owner: mydbuser
--

CREATE INDEX auth_user_user_permissions_permission_id_1fbb5f2c ON public.auth_user_user_permissions USING btree (permission_id);


--
-- Name: auth_user_user_permissions_user_id_a95ead1b; Type: INDEX; Schema: public; Owner: mydbuser
--

CREATE INDEX auth_user_user_permissions_user_id_a95ead1b ON public.auth_user_user_permissions USING btree (user_id);


--
-- Name: auth_user_username_6821ab7c_like; Type: INDEX; Schema: public; Owner: mydbuser
--

CREATE INDEX auth_user_username_6821ab7c_like ON public.auth_user USING btree (username varchar_pattern_ops);


--
-- Name: boletas_attendance_group_id_dbfcf00c; Type: INDEX; Schema: public; Owner: mydbuser
--

CREATE INDEX boletas_attendance_group_id_dbfcf00c ON public.boletas_attendance USING btree (group_id);


--
-- Name: boletas_attendance_user_id_6aaf8f15; Type: INDEX; Schema: public; Owner: mydbuser
--

CREATE INDEX boletas_attendance_user_id_6aaf8f15 ON public.boletas_attendance USING btree (user_id);


--
-- Name: boletas_attendanceentry_attendance_id_0d7ac56c; Type: INDEX; Schema: public; Owner: mydbuser
--

CREATE INDEX boletas_attendanceentry_attendance_id_0d7ac56c ON public.boletas_attendanceentry USING btree (attendance_id);


--
-- Name: boletas_comment_user_id_acbef6a1; Type: INDEX; Schema: public; Owner: mydbuser
--

CREATE INDEX boletas_comment_user_id_acbef6a1 ON public.boletas_comment USING btree (user_id);


--
-- Name: boletas_group_user_id_671924a1; Type: INDEX; Schema: public; Owner: mydbuser
--

CREATE INDEX boletas_group_user_id_671924a1 ON public.boletas_group USING btree (user_id);


--
-- Name: boletas_performance_group_id_1fa3ecaf; Type: INDEX; Schema: public; Owner: mydbuser
--

CREATE INDEX boletas_performance_group_id_1fa3ecaf ON public.boletas_performance USING btree (group_id);


--
-- Name: boletas_performance_user_id_c60094b4; Type: INDEX; Schema: public; Owner: mydbuser
--

CREATE INDEX boletas_performance_user_id_c60094b4 ON public.boletas_performance USING btree (user_id);


--
-- Name: boletas_plan_group_id_e37c0b03; Type: INDEX; Schema: public; Owner: mydbuser
--

CREATE INDEX boletas_plan_group_id_e37c0b03 ON public.boletas_plan USING btree (group_id);


--
-- Name: boletas_plan_user_id_7c72f5c6; Type: INDEX; Schema: public; Owner: mydbuser
--

CREATE INDEX boletas_plan_user_id_7c72f5c6 ON public.boletas_plan USING btree (user_id);


--
-- Name: boletas_studententry_performance_id_2f708e08; Type: INDEX; Schema: public; Owner: mydbuser
--

CREATE INDEX boletas_studententry_performance_id_2f708e08 ON public.boletas_studententry USING btree (performance_id);


--
-- Name: boletas_task_user_id_d922d6ad; Type: INDEX; Schema: public; Owner: mydbuser
--

CREATE INDEX boletas_task_user_id_d922d6ad ON public.boletas_task USING btree (user_id);


--
-- Name: django_admin_log_content_type_id_c4bce8eb; Type: INDEX; Schema: public; Owner: mydbuser
--

CREATE INDEX django_admin_log_content_type_id_c4bce8eb ON public.django_admin_log USING btree (content_type_id);


--
-- Name: django_admin_log_user_id_c564eba6; Type: INDEX; Schema: public; Owner: mydbuser
--

CREATE INDEX django_admin_log_user_id_c564eba6 ON public.django_admin_log USING btree (user_id);


--
-- Name: django_session_expire_date_a5c62663; Type: INDEX; Schema: public; Owner: mydbuser
--

CREATE INDEX django_session_expire_date_a5c62663 ON public.django_session USING btree (expire_date);


--
-- Name: django_session_session_key_c0390e0f_like; Type: INDEX; Schema: public; Owner: mydbuser
--

CREATE INDEX django_session_session_key_c0390e0f_like ON public.django_session USING btree (session_key varchar_pattern_ops);


--
-- Name: auth_group_permissions auth_group_permissio_permission_id_84c5c92e_fk_auth_perm; Type: FK CONSTRAINT; Schema: public; Owner: mydbuser
--

ALTER TABLE ONLY public.auth_group_permissions
    ADD CONSTRAINT auth_group_permissio_permission_id_84c5c92e_fk_auth_perm FOREIGN KEY (permission_id) REFERENCES public.auth_permission(id) DEFERRABLE INITIALLY DEFERRED;


--
-- Name: auth_group_permissions auth_group_permissions_group_id_b120cbf9_fk_auth_group_id; Type: FK CONSTRAINT; Schema: public; Owner: mydbuser
--

ALTER TABLE ONLY public.auth_group_permissions
    ADD CONSTRAINT auth_group_permissions_group_id_b120cbf9_fk_auth_group_id FOREIGN KEY (group_id) REFERENCES public.auth_group(id) DEFERRABLE INITIALLY DEFERRED;


--
-- Name: auth_permission auth_permission_content_type_id_2f476e4b_fk_django_co; Type: FK CONSTRAINT; Schema: public; Owner: mydbuser
--

ALTER TABLE ONLY public.auth_permission
    ADD CONSTRAINT auth_permission_content_type_id_2f476e4b_fk_django_co FOREIGN KEY (content_type_id) REFERENCES public.django_content_type(id) DEFERRABLE INITIALLY DEFERRED;


--
-- Name: auth_user_groups auth_user_groups_group_id_97559544_fk_auth_group_id; Type: FK CONSTRAINT; Schema: public; Owner: mydbuser
--

ALTER TABLE ONLY public.auth_user_groups
    ADD CONSTRAINT auth_user_groups_group_id_97559544_fk_auth_group_id FOREIGN KEY (group_id) REFERENCES public.auth_group(id) DEFERRABLE INITIALLY DEFERRED;


--
-- Name: auth_user_groups auth_user_groups_user_id_6a12ed8b_fk_auth_user_id; Type: FK CONSTRAINT; Schema: public; Owner: mydbuser
--

ALTER TABLE ONLY public.auth_user_groups
    ADD CONSTRAINT auth_user_groups_user_id_6a12ed8b_fk_auth_user_id FOREIGN KEY (user_id) REFERENCES public.auth_user(id) DEFERRABLE INITIALLY DEFERRED;


--
-- Name: auth_user_user_permissions auth_user_user_permi_permission_id_1fbb5f2c_fk_auth_perm; Type: FK CONSTRAINT; Schema: public; Owner: mydbuser
--

ALTER TABLE ONLY public.auth_user_user_permissions
    ADD CONSTRAINT auth_user_user_permi_permission_id_1fbb5f2c_fk_auth_perm FOREIGN KEY (permission_id) REFERENCES public.auth_permission(id) DEFERRABLE INITIALLY DEFERRED;


--
-- Name: auth_user_user_permissions auth_user_user_permissions_user_id_a95ead1b_fk_auth_user_id; Type: FK CONSTRAINT; Schema: public; Owner: mydbuser
--

ALTER TABLE ONLY public.auth_user_user_permissions
    ADD CONSTRAINT auth_user_user_permissions_user_id_a95ead1b_fk_auth_user_id FOREIGN KEY (user_id) REFERENCES public.auth_user(id) DEFERRABLE INITIALLY DEFERRED;


--
-- Name: boletas_attendance boletas_attendance_group_id_dbfcf00c_fk_boletas_group_id; Type: FK CONSTRAINT; Schema: public; Owner: mydbuser
--

ALTER TABLE ONLY public.boletas_attendance
    ADD CONSTRAINT boletas_attendance_group_id_dbfcf00c_fk_boletas_group_id FOREIGN KEY (group_id) REFERENCES public.boletas_group(id) DEFERRABLE INITIALLY DEFERRED;


--
-- Name: boletas_attendance boletas_attendance_user_id_6aaf8f15_fk_auth_user_id; Type: FK CONSTRAINT; Schema: public; Owner: mydbuser
--

ALTER TABLE ONLY public.boletas_attendance
    ADD CONSTRAINT boletas_attendance_user_id_6aaf8f15_fk_auth_user_id FOREIGN KEY (user_id) REFERENCES public.auth_user(id) DEFERRABLE INITIALLY DEFERRED;


--
-- Name: boletas_attendanceentry boletas_attendanceen_attendance_id_0d7ac56c_fk_boletas_a; Type: FK CONSTRAINT; Schema: public; Owner: mydbuser
--

ALTER TABLE ONLY public.boletas_attendanceentry
    ADD CONSTRAINT boletas_attendanceen_attendance_id_0d7ac56c_fk_boletas_a FOREIGN KEY (attendance_id) REFERENCES public.boletas_attendance(id) DEFERRABLE INITIALLY DEFERRED;


--
-- Name: boletas_comment boletas_comment_user_id_acbef6a1_fk_auth_user_id; Type: FK CONSTRAINT; Schema: public; Owner: mydbuser
--

ALTER TABLE ONLY public.boletas_comment
    ADD CONSTRAINT boletas_comment_user_id_acbef6a1_fk_auth_user_id FOREIGN KEY (user_id) REFERENCES public.auth_user(id) DEFERRABLE INITIALLY DEFERRED;


--
-- Name: boletas_group boletas_group_user_id_671924a1_fk_auth_user_id; Type: FK CONSTRAINT; Schema: public; Owner: mydbuser
--

ALTER TABLE ONLY public.boletas_group
    ADD CONSTRAINT boletas_group_user_id_671924a1_fk_auth_user_id FOREIGN KEY (user_id) REFERENCES public.auth_user(id) DEFERRABLE INITIALLY DEFERRED;


--
-- Name: boletas_performance boletas_performance_group_id_1fa3ecaf_fk_boletas_group_id; Type: FK CONSTRAINT; Schema: public; Owner: mydbuser
--

ALTER TABLE ONLY public.boletas_performance
    ADD CONSTRAINT boletas_performance_group_id_1fa3ecaf_fk_boletas_group_id FOREIGN KEY (group_id) REFERENCES public.boletas_group(id) DEFERRABLE INITIALLY DEFERRED;


--
-- Name: boletas_performance boletas_performance_user_id_c60094b4_fk_auth_user_id; Type: FK CONSTRAINT; Schema: public; Owner: mydbuser
--

ALTER TABLE ONLY public.boletas_performance
    ADD CONSTRAINT boletas_performance_user_id_c60094b4_fk_auth_user_id FOREIGN KEY (user_id) REFERENCES public.auth_user(id) DEFERRABLE INITIALLY DEFERRED;


--
-- Name: boletas_plan boletas_plan_group_id_e37c0b03_fk_boletas_group_id; Type: FK CONSTRAINT; Schema: public; Owner: mydbuser
--

ALTER TABLE ONLY public.boletas_plan
    ADD CONSTRAINT boletas_plan_group_id_e37c0b03_fk_boletas_group_id FOREIGN KEY (group_id) REFERENCES public.boletas_group(id) DEFERRABLE INITIALLY DEFERRED;


--
-- Name: boletas_plan boletas_plan_user_id_7c72f5c6_fk_auth_user_id; Type: FK CONSTRAINT; Schema: public; Owner: mydbuser
--

ALTER TABLE ONLY public.boletas_plan
    ADD CONSTRAINT boletas_plan_user_id_7c72f5c6_fk_auth_user_id FOREIGN KEY (user_id) REFERENCES public.auth_user(id) DEFERRABLE INITIALLY DEFERRED;


--
-- Name: boletas_responsibilitynote boletas_responsibilitynote_user_id_04d4bb4b_fk_auth_user_id; Type: FK CONSTRAINT; Schema: public; Owner: mydbuser
--

ALTER TABLE ONLY public.boletas_responsibilitynote
    ADD CONSTRAINT boletas_responsibilitynote_user_id_04d4bb4b_fk_auth_user_id FOREIGN KEY (user_id) REFERENCES public.auth_user(id) DEFERRABLE INITIALLY DEFERRED;


--
-- Name: boletas_studententry boletas_studententry_performance_id_2f708e08_fk_boletas_p; Type: FK CONSTRAINT; Schema: public; Owner: mydbuser
--

ALTER TABLE ONLY public.boletas_studententry
    ADD CONSTRAINT boletas_studententry_performance_id_2f708e08_fk_boletas_p FOREIGN KEY (performance_id) REFERENCES public.boletas_performance(id) DEFERRABLE INITIALLY DEFERRED;


--
-- Name: boletas_task boletas_task_user_id_d922d6ad_fk_auth_user_id; Type: FK CONSTRAINT; Schema: public; Owner: mydbuser
--

ALTER TABLE ONLY public.boletas_task
    ADD CONSTRAINT boletas_task_user_id_d922d6ad_fk_auth_user_id FOREIGN KEY (user_id) REFERENCES public.auth_user(id) DEFERRABLE INITIALLY DEFERRED;


--
-- Name: django_admin_log django_admin_log_content_type_id_c4bce8eb_fk_django_co; Type: FK CONSTRAINT; Schema: public; Owner: mydbuser
--

ALTER TABLE ONLY public.django_admin_log
    ADD CONSTRAINT django_admin_log_content_type_id_c4bce8eb_fk_django_co FOREIGN KEY (content_type_id) REFERENCES public.django_content_type(id) DEFERRABLE INITIALLY DEFERRED;


--
-- Name: django_admin_log django_admin_log_user_id_c564eba6_fk_auth_user_id; Type: FK CONSTRAINT; Schema: public; Owner: mydbuser
--

ALTER TABLE ONLY public.django_admin_log
    ADD CONSTRAINT django_admin_log_user_id_c564eba6_fk_auth_user_id FOREIGN KEY (user_id) REFERENCES public.auth_user(id) DEFERRABLE INITIALLY DEFERRED;


--
-- Name: SCHEMA public; Type: ACL; Schema: -; Owner: pg_database_owner
--

GRANT ALL ON SCHEMA public TO mydbuser;


--
-- Name: DEFAULT PRIVILEGES FOR TABLES; Type: DEFAULT ACL; Schema: public; Owner: postgres
--

ALTER DEFAULT PRIVILEGES FOR ROLE postgres IN SCHEMA public GRANT ALL ON TABLES TO mydbuser;


--
-- PostgreSQL database dump complete
--

